pos_prop_ADJ,pos_prop_ADP,pos_prop_ADV,pos_prop_AUX,pos_prop_CCONJ,pos_prop_DET,pos_prop_INTJ,pos_prop_NOUN,pos_prop_NUM,pos_prop_PART,pos_prop_PRON,pos_prop_PROPN,pos_prop_PUNCT,pos_prop_SCONJ,pos_prop_SYM,pos_prop_VERB,pos_prop_X,entropy,perplexity,per_word_perplexity,flesch_reading_ease,flesch_kincaid_grade,smog,gunning_fog,automated_readability_index,coleman_liau_index,lix,rix,n_stop_words,alpha_ratio,mean_word_length,doc_length,symbol_to_word_ratio_#,proportion_ellipsis,proportion_bullet_points,contains_lorem ipsum,duplicate_line_chr_fraction,duplicate_paragraph_chr_fraction,duplicate_ngram_chr_fraction_5,duplicate_ngram_chr_fraction_6,duplicate_ngram_chr_fraction_7,duplicate_ngram_chr_fraction_8,duplicate_ngram_chr_fraction_9,duplicate_ngram_chr_fraction_10,top_ngram_chr_fraction_2,top_ngram_chr_fraction_3,top_ngram_chr_fraction_4,first_order_coherence,second_order_coherence,token_length_mean,token_length_median,token_length_std,sentence_length_mean,sentence_length_median,sentence_length_std,syllables_per_token_mean,syllables_per_token_median,syllables_per_token_std,n_tokens,n_unique_tokens,proportion_unique_tokens,n_characters,n_sentences,dependency_distance_mean,dependency_distance_std,prop_adjacent_dependency_relation_mean,prop_adjacent_dependency_relation_std
0.0736842105263157,0.1473684210526315,0.0157894736842105,0.0157894736842105,0.0421052631578947,0.1157894736842105,0.0,0.231578947368421,0.0105263157894736,0.0,0.0052631578947368,0.1578947368421052,0.131578947368421,0.0,0.0,0.0526315789473684,0.0,7.854410019549895,2577.074241598338,13.563548639991254,-18.07909090909092,21.636796536796545,21.322970121554675,26.64069264069264,18.75844155844156,18.402424242424235,69.02597402597402,10.714285714285714,65.0,0.8526315789473684,5.368421052631579,190.0,0.0,0.0,0.0,0.0,0.0,0.0,0.0,0.0,0.0,0.0,0.0,0.0,0.0329391891891891,0.0557432432432432,0.0,0.429070567091306,0.378697657585144,6.03030303030303,6.0,3.758504284103875,23.571428571428573,18.0,12.09317567718189,2.375757575757576,2.0,1.4114317474090354,165.0,101.0,0.6121212121212121,1020.0,7.0,3.2206453634085213,1.1393151168353406,0.463484604368063,0.074650783937722
0.1026252983293556,0.1694510739856801,0.035799522673031,0.0453460620525059,0.0334128878281622,0.1384248210023866,0.0,0.2553699284009546,0.0190930787589498,0.0,0.0286396181384248,0.0167064439140811,0.0620525059665871,0.0334128878281622,0.0,0.0596658711217183,0.0,16.104565711156372,9865611.78429264,23545.61285034043,-9.194268937169682,22.05190839694657,22.273849471008813,26.952358582892938,19.65630064591896,15.643155216284978,69.41651986690155,11.846153846153848,211.0,0.9331742243436754,5.233890214797136,419.0,0.0,0.0,0.0,0.0,0.0,0.0,0.074274661508704,0.0332688588007736,0.0332688588007736,0.0,0.0,0.0,0.037137330754352,0.0216634429400386,0.0,0.5655494006350636,0.5467874456742059,5.513994910941475,5.0,3.349137987909817,30.23076923076923,31.0,10.408235246512522,2.1908396946564888,2.0,1.3063624135256957,393.0,178.0,0.4529262086513995,2193.0,13.0,3.360336836590072,0.5481619540973558,0.4204693260336731,0.0416980802376577
0.0971563981042654,0.1611374407582938,0.0023696682464454,0.0165876777251184,0.0260663507109004,0.1137440758293838,0.0,0.2251184834123222,0.0687203791469194,0.0,0.0094786729857819,0.0829383886255924,0.1350710900473933,0.0023696682464454,0.0023696682464454,0.0568720379146919,0.0,15.180120741862318,3914196.937567567,9275.348193288071,-15.475349650349642,23.638531468531472,23.72669961743115,28.95064935064935,21.51215784215784,16.259340659340655,73.2007992007992,13.272727272727272,156.0,0.8270142180094787,4.971563981042654,422.0,0.0,0.0,0.0,0.0,0.0,0.0,0.1790073230268511,0.0911310008136696,0.0309194467046379,0.0,0.0,0.0,0.0081366965012205,0.0366151342554922,0.0183075671277461,0.4434624195098877,0.490997807847129,5.604395604395604,5.0,3.5891445639093478,33.09090909090909,25.0,23.56597912035115,2.230769230769231,2.0,1.369422137509689,364.0,168.0,0.4615384615384615,2098.0,11.0,3.3404369328282373,1.212398880669337,0.4384323157297466,0.0462950421085042
0.0497512437810945,0.1840796019900497,0.0099502487562189,0.0099502487562189,0.0547263681592039,0.1840796019900497,0.0,0.3233830845771144,0.0,0.0,0.0149253731343283,0.0099502487562189,0.0796019900497512,0.0049751243781094,0.0,0.0746268656716417,0.0,8.5314613331992,5071.85208783739,25.23309496436513,1.2067567567567608,19.65660231660232,21.322970121554675,25.922779922779924,17.065528957528954,14.641297297297296,64.8069498069498,10.142857142857142,95.0,0.9203980099502488,5.019900497512438,201.0,0.0,0.0,0.0,0.0,0.0,0.0,0.1056160938809723,0.1056160938809723,0.1056160938809723,0.1056160938809723,0.1056160938809723,0.0,0.027661357921207,0.0352053646269907,0.0,0.697618693113327,0.6635235905647278,5.367567567567567,5.0,3.471120549196793,26.428571428571427,26.0,7.943679299690197,2.1135135135135137,2.0,1.274736255108348,185.0,95.0,0.5135135135135135,1009.0,7.0,2.917522858879974,0.4185415336420359,0.4335428401664868,0.041432174524163
0.1134328358208955,0.1552238805970149,0.0238805970149253,0.017910447761194,0.0328358208955223,0.1283582089552238,0.0,0.217910447761194,0.026865671641791,0.0,0.008955223880597,0.0895522388059701,0.1253731343283582,0.0059701492537313,0.0029850746268656,0.0507462686567164,0.0,11.859046664839129,141357.39304108586,421.96236728682345,-14.218425492033704,21.814557950640424,21.27631909574828,25.83955014058107,18.56820056232427,16.50213058419244,64.94251796313652,10.181818181818182,124.0,0.8119402985074626,5.068656716417911,335.0,0.0,0.0,0.0,0.0,0.0,0.0,0.0241570206341217,0.0,0.0,0.0,0.0,0.0,0.0125817815802717,0.0,0.0,0.6762557208538056,0.6268575721316867,5.683848797250859,5.0,3.8435531283796833,26.454545454545453,22.0,11.499910168531644,2.29553264604811,2.0,1.6420004901823195,291.0,170.0,0.584192439862543,1698.0,11.0,3.230279610047397,0.6876357779247866,0.429475924273355,0.0495845608680861
0.1064220183486238,0.1669724770642202,0.0238532110091743,0.0165137614678899,0.036697247706422,0.1155963302752293,0.0,0.2568807339449541,0.0091743119266055,0.0,0.0110091743119266,0.0697247706422018,0.1412844036697247,0.0036697247706422,0.0,0.0422018348623853,0.0,22.865564442526765,8518996954.625443,15631187.072707236,-17.225144312393866,21.741833616298816,21.336452057544456,26.391624221844936,18.47935823429541,17.537118279569885,67.48443689869836,10.526315789473683,207.0,0.8458715596330275,5.159633027522935,545.0,0.0,0.0,0.0,0.0,0.0,0.0,0.0893512851897184,0.0764993880048959,0.0287637698898408,0.0287637698898408,0.0,0.0,0.0137698898408812,0.00734394124847,0.033047735618115,0.5614815511637263,0.5480158942587235,5.875268817204301,5.0,3.772214657513669,24.473684210526315,24.0,9.959752803171222,2.3548387096774195,2.0,1.4401699518162654,465.0,221.0,0.4752688172043011,2812.0,19.0,3.167107078466,0.6688998650545322,0.4365360755275005,0.0507532065491346
0.0695652173913043,0.1652173913043478,0.0478260869565217,0.0304347826086956,0.0391304347826087,0.1347826086956521,0.0,0.217391304347826,0.0217391304347826,0.0,0.0739130434782608,0.0043478260869565,0.0739130434782608,0.0304347826086956,0.0,0.0913043478260869,0.0,7.915445987016263,2739.267935930204,11.909860591000886,21.55699530516432,16.132018779342726,17.37919286519448,19.9830985915493,13.267840375586855,11.493521126760566,53.713615023474176,7.111111111111111,127.0,0.917391304347826,4.569565217391304,230.0,0.0,0.0,0.0,0.0,0.0,0.0,0.0,0.0,0.0,0.0,0.0,0.0,0.0,0.0,0.0,0.4245165297761559,0.4337044485977718,4.854460093896714,4.0,3.1283110255888325,23.666666666666668,24.0,9.043106644167024,1.9061032863849765,1.0,1.179086273364315,213.0,122.0,0.5727699530516432,1051.0,9.0,2.883321233321233,0.5686318710709207,0.4147314897314897,0.0571539321969465
0.0606060606060606,0.2481962481962482,0.0202020202020202,0.0086580086580086,0.0129870129870129,0.1803751803751803,0.0,0.2467532467532467,0.0447330447330447,0.0,0.0086580086580086,0.0432900432900432,0.0836940836940837,0.0057720057720057,0.0101010101010101,0.0259740259740259,0.0,39.81305521090372,1.9524961482547984e+17,281745475938643.4,-11.968499210110563,32.40145339652449,23.28177459503411,35.21074249605055,33.95320695102685,9.017630331753557,89.29067930489731,13.333333333333334,341.0,0.862914862914863,4.007215007215007,693.0,0.0,0.0,0.0,0.0,0.0,0.0,0.3468309859154929,0.3136737089201878,0.2937206572769953,0.2937206572769953,0.2852112676056338,0.2852112676056338,0.1320422535211267,0.2582159624413145,0.3286384976525822,0.5097327642142773,0.5262766161135265,4.292259083728278,3.0,3.1141860779562105,70.33333333333333,42.0,104.5636435648431,1.7424960505529226,1.0,1.124920117395687,633.0,188.0,0.296998420221169,2777.0,9.0,4.770858445492544,4.570932915876944,0.4508193885021739,0.0444185692098933
0.0941558441558441,0.172077922077922,0.0292207792207792,0.0129870129870129,0.0292207792207792,0.1136363636363636,0.0,0.2207792207792207,0.0454545454545454,0.0,0.0259740259740259,0.0681818181818181,0.1103896103896103,0.0097402597402597,0.0,0.0681818181818181,0.0,10.783980184530527,48241.753706841344,156.62907047675762,1.4875036496350449,19.85877372262773,20.829396946661657,24.974598540145987,17.521788321167882,14.64423357664234,63.8963503649635,10.0,120.0,0.8409090909090909,4.87987012987013,308.0,0.0,0.0,0.0,0.0,0.0,0.0,0.0,0.0,0.0,0.0,0.0,0.0,0.0084841628959276,0.0,0.0,0.5696655975447761,0.5453910380601883,5.361313868613139,4.0,3.504548622500749,27.4,22.5,18.189007669468943,2.0985401459854014,2.0,1.307389743656786,274.0,151.0,0.551094890510949,1503.0,10.0,3.1043830446803065,1.0258076664530744,0.4332014165781983,0.0368464403886876
0.0620155038759689,0.1860465116279069,0.0180878552971576,0.0129198966408268,0.0374677002583979,0.1201550387596899,0.0,0.2571059431524548,0.0736434108527131,0.0,0.020671834625323,0.0490956072351421,0.1162790697674418,0.0012919896640826,0.003875968992248,0.041343669250646,0.0,33.67118400411393,419961436071904.2,542585834718.2225,-23.005861244019115,31.915879851143007,29.19461645722405,38.26454013822435,33.12139154704944,13.01222222222222,95.66135034556086,20.818181818181817,322.0,0.8113695090439277,4.518087855297158,774.0,0.0,0.0,0.0,0.0,0.0,0.0,0.273271117492223,0.2596314907872696,0.2596314907872696,0.2201483608518784,0.1947834410145968,0.1258674324000957,0.0430725053840631,0.1225173486480019,0.1409428092845178,0.5885615766048431,0.5566820204257965,4.980994152046784,4.0,3.2951215322422485,62.18181818181818,30.0,71.98209143671296,1.9707602339181287,1.0,1.1978386997836397,684.0,222.0,0.3245614035087719,3497.0,11.0,3.972118893678637,2.0365341369576737,0.4154552193662841,0.0445134810807046
0.0578947368421052,0.1666666666666666,0.0175438596491228,0.0210526315789473,0.0228070175438596,0.0719298245614035,0.0,0.1824561403508772,0.075438596491228,0.0,0.0140350877192982,0.131578947368421,0.1614035087719298,0.0035087719298245,0.0140350877192982,0.0596491228070175,0.0,20.56695583617048,855294007.4637245,1500515.8025679376,-5.041414225941395,25.837355648535567,24.35101051719896,30.66811715481172,26.128389121338905,13.11606694560669,78.3439330543933,14.6,187.0,0.7385964912280701,4.373684210526315,570.0,0.0,0.0,0.0,0.0,0.0,0.0,0.1264329062710721,0.1102494942683749,0.0755225893459204,0.0755225893459204,0.0755225893459204,0.0755225893459204,0.040458530006743,0.0377612946729602,0.0660822656776803,0.6642398403750526,0.5488264225423336,5.023012552301255,4.0,3.7686070759273207,47.8,28.5,41.54708172663875,1.9309623430962344,1.0,1.3293608724217405,478.0,227.0,0.4748953974895397,2493.0,10.0,4.744346246388677,2.718172610794817,0.4613059870948257,0.0444980519751618
0.0920502092050209,0.1589958158995816,0.0125523012552301,0.0167364016736401,0.0418410041841004,0.1380753138075313,0.0,0.2468619246861924,0.0167364016736401,0.0,0.0167364016736401,0.0753138075313807,0.0878661087866108,0.0125523012552301,0.0,0.0836820083682008,0.0,8.669506773309172,5822.626766233752,24.36245508884415,-23.69195718654433,25.59009174311927,26.216889196889337,32.514984709480125,23.3114373088685,16.561467889908254,83.58103975535168,17.166666666666668,94.0,0.8870292887029289,5.2343096234309625,239.0,0.0,0.0,0.0,0.0,0.0,0.0,0.0776566757493188,0.0,0.0,0.0,0.0,0.0,0.0429155313351498,0.0306539509536784,0.0,0.5120910823345184,0.5162207633256912,5.6422018348623855,6.0,3.398658493522549,36.333333333333336,36.0,14.42990721460891,2.288990825688073,2.0,1.318174958076248,218.0,108.0,0.4954128440366973,1251.0,6.0,3.29133089873209,0.5847820572271102,0.4666354467529369,0.027953544453727
0.120253164556962,0.1265822784810126,0.0316455696202531,0.0632911392405063,0.0316455696202531,0.1265822784810126,0.0,0.2025316455696202,0.0,0.0,0.0189873417721519,0.0696202531645569,0.1582278481012658,0.0063291139240506,0.0,0.0443037974683544,0.0,4.681660945398995,107.94922151470838,0.683222920979167,16.9107435254804,14.571829573934838,15.903189008614271,19.44494569757728,9.36723475355054,11.420150375939848,46.356725146198826,4.666666666666667,69.0,0.8417721518987342,4.341772151898734,158.0,0.0,0.0,0.0,0.0,0.0,0.0,0.1687041564792176,0.1687041564792176,0.0904645476772616,0.0,0.0,0.0,0.0244498777506112,0.0476772616136919,0.0,0.4944883733987808,0.4321167000702449,4.969924812030075,4.0,3.199952653841611,14.77777777777778,13.0,6.71280331866365,2.0676691729323307,2.0,1.221335942539322,133.0,70.0,0.5263157894736842,686.0,9.0,2.533594877344877,0.6233157618615022,0.4372823472823473,0.0591670493772062
0.0681818181818181,0.1694214876033057,0.0041322314049586,0.0041322314049586,0.0289256198347107,0.0867768595041322,0.0,0.2376033057851239,0.0681818181818181,0.0,0.0165289256198347,0.0785123966942148,0.1508264462809917,0.0,0.0103305785123966,0.0764462809917355,0.0,15.907379820305026,8100042.1254746495,16735.624226187294,3.747058823529443,21.183235294117647,22.50196517271,27.129411764705885,19.547132352941176,13.262647058823529,70.27450980392157,12.333333333333334,155.0,0.7334710743801653,4.448347107438017,484.0,0.0,0.0,0.0,0.0,0.0,0.0,0.0962818003913894,0.0774951076320939,0.0227005870841487,0.0,0.0,0.0,0.0082191780821917,0.0136986301369863,0.0254403131115459,0.6858442723751068,0.644991084933281,5.090686274509804,4.0,3.451216256144253,34.0,32.5,11.65475582469806,1.9926470588235292,1.0,1.2396413352814628,408.0,192.0,0.4705882352941176,2153.0,12.0,4.0535928609595215,1.470704440876743,0.4537031477938729,0.0377699913091543
0.0914634146341463,0.1402439024390244,0.0304878048780487,0.0365853658536585,0.0365853658536585,0.1158536585365853,0.0,0.2439024390243902,0.0304878048780487,0.0,0.0548780487804878,0.0121951219512195,0.1097560975609756,0.0121951219512195,0.0030487804878048,0.0823170731707317,0.0,11.466341397617036,95448.4316226924,291.0013159228427,14.83653846153848,16.77,18.97340739802396,22.683245521601687,14.028234984193894,13.127945205479447,57.39304531085353,7.846153846153846,154.0,0.8597560975609756,4.689024390243903,328.0,0.0,0.0,0.0,0.0,0.0,0.0,0.0415527610716238,0.0415527610716238,0.0,0.0,0.0,0.0,0.0240568616730453,0.0213231273920174,0.0,0.4709616502126058,0.4882231666283174,5.1438356164383565,4.0,3.275039947528816,22.46153846153846,22.0,8.251949742710083,2.0,1.0,1.1935901868927103,292.0,140.0,0.4794520547945205,1538.0,13.0,2.9680428120157645,0.5108200317318126,0.4055691383164999,0.0732769879606078
0.0476190476190476,0.2857142857142857,0.0,0.0,0.0476190476190476,0.0,0.0,0.3809523809523809,0.0,0.0,0.0,0.1428571428571428,0.0476190476190476,0.0,0.0,0.0476190476190476,0.0,0.6414965163268715,1.8993211186066004,0.0904438627907904,-33.424999999999955,22.890000000000004,,32.0,19.4205,21.234,70.0,10.0,7.0,0.9523809523809524,6.285714285714286,21.0,0.0,0.0,0.0,0.0,0.0,0.0,0.0,0.0,0.0,0.0,0.0,0.0,0.0,0.0,0.0,,,6.55,6.5,3.787809393303734,20.0,20.0,0.0,2.6,3.0,1.4628738838327793,20.0,16.0,0.8,132.0,1.0,3.523809523809524,0.0,0.4285714285714285,0.0
0.0892193308550185,0.1598513011152416,0.0594795539033457,0.0334572490706319,0.0223048327137546,0.1189591078066914,0.0,0.2490706319702602,0.0074349442379182,0.0,0.0520446096654275,0.0,0.0929368029739776,0.0260223048327137,0.0074349442379182,0.0817843866171003,0.0,9.35465898800038,11552.521317339138,42.94617590088899,9.077058287796037,18.728415300546448,18.48164430596657,21.50018214936248,16.15813752276867,13.110655737704915,55.79963570127504,7.777777777777778,131.0,0.8921933085501859,4.721189591078067,269.0,0.0,0.0,0.0,0.0,0.0,0.0,0.0938532716457369,0.0660938532716457,0.0660938532716457,0.0660938532716457,0.0660938532716457,0.0,0.0211500330469266,0.0475875743555849,0.0,0.4981435146182775,0.5275972187519073,5.102459016393443,4.0,3.3586434399199128,27.11111111111111,29.0,12.879306782970758,2.012295081967213,2.0,1.2363403073383894,244.0,121.0,0.4959016393442623,1270.0,9.0,2.9797321448716185,0.5548253204868175,0.4237531728454278,0.0346904574147378
0.069069069069069,0.1771771771771771,0.015015015015015,0.009009009009009,0.048048048048048,0.1141141141141141,0.0,0.2252252252252252,0.054054054054054,0.0,0.012012012012012,0.0990990990990991,0.1291291291291291,0.0,0.0,0.048048048048048,0.0,11.872528319563187,143276.0287387173,430.2583445607125,-18.028477508650496,26.03045971329708,25.35958042665745,31.18556599110232,23.62662876915472,13.961384083044976,78.30993573900147,15.285714285714286,130.0,0.7927927927927928,4.633633633633633,333.0,0.0,0.0,0.0,0.0,0.0,0.0,0.0870279146141215,0.0870279146141215,0.0383141762452107,0.0383141762452107,0.0383141762452107,0.0383141762452107,0.0361247947454844,0.0213464696223316,0.0,0.7051897545655569,0.6889418125152588,5.183391003460208,4.0,3.731137231580731,41.285714285714285,36.0,27.001133763044024,2.162629757785467,1.0,1.471007471282101,289.0,142.0,0.4913494809688581,1543.0,7.0,3.6713473313971714,1.192667565983872,0.428302316490095,0.0483406202496822
0.0985576923076923,0.1923076923076923,0.0192307692307692,0.0096153846153846,0.0264423076923076,0.1153846153846153,0.0,0.204326923076923,0.0721153846153846,0.0,0.0264423076923076,0.0721153846153846,0.1009615384615384,0.0072115384615384,0.0024038461538461,0.0528846153846153,0.0,15.075526524190614,3525477.775492148,8474.706191086894,-25.19072192513366,30.04607333842629,27.462218789008528,34.95431627196333,30.068456837280365,14.58673796791443,89.5248281130634,19.285714285714285,176.0,0.8269230769230769,4.831730769230769,416.0,0.0,0.0,0.0,0.0,0.0,0.0,0.1491596638655462,0.0823529411764705,0.0823529411764705,0.0823529411764705,0.0,0.0,0.0126050420168067,0.0462184873949579,0.0630252100840336,0.7531824906667074,0.6508544325828552,5.262032085561497,4.0,3.61677643855093,53.42857142857143,51.0,24.61623821125944,2.1016042780748663,1.0,1.366265683632019,374.0,171.0,0.4572192513368984,2010.0,7.0,4.428235216536539,1.3863090832337517,0.426283999130561,0.0458993897523043
0.1162790697674418,0.1802325581395348,0.0135658914728682,0.0135658914728682,0.0484496124031007,0.1220930232558139,0.0,0.2693798449612403,0.0271317829457364,0.0,0.0232558139534883,0.0329457364341085,0.0891472868217054,0.0116279069767441,0.0,0.0523255813953488,0.0,22.65881509856846,6927848211.690169,13426062.425756142,-2.0806249999999693,20.847101063829783,21.695525393031367,26.132978723404257,18.5111170212766,14.71914893617021,66.8218085106383,11.0,220.0,0.8817829457364341,4.976744186046512,516.0,0.0,0.0,0.0,0.0,0.0,0.0,0.1172209417188014,0.0678300954889693,0.0263417846559104,0.0263417846559104,0.0263417846559104,0.0,0.0158050707935462,0.0115245307869608,0.0223905169575238,0.5946131507555644,0.6196150481700897,5.361702127659575,4.5,3.636841813903538,29.375,28.5,12.771428072067744,2.117021276595745,2.0,1.298578461558601,470.0,225.0,0.4787234042553192,2568.0,16.0,3.3255877601471093,0.7453762405003882,0.4618481862839385,0.0415665485326214
0.118942731277533,0.1806167400881057,0.0220264317180616,0.013215859030837,0.0484581497797356,0.1101321585903083,0.0,0.2863436123348017,0.0220264317180616,0.0,0.026431718061674,0.0176211453744493,0.0837004405286343,0.0088105726872246,0.0,0.0616740088105726,0.0,8.596853066025274,5414.593384453104,23.85283429274495,-16.115384615384585,22.88895604395605,22.80048607216075,27.84725274725275,20.034114010989008,16.420192307692307,70.09890109890111,12.0,98.0,0.8986784140969163,5.259911894273127,227.0,0.0,0.0,0.0,0.0,0.0,0.0,0.1632068718682892,0.1388690050107373,0.0801717967072297,0.0801717967072297,0.0,0.0,0.0372226198997852,0.0343593414459556,0.0515390121689334,0.6189291377862295,0.5974979162216186,5.649038461538462,5.0,3.7038050910336606,29.714285714285715,27.0,12.825357535693396,2.2788461538461537,2.0,1.372509848425019,208.0,103.0,0.4951923076923077,1194.0,7.0,3.5961820810958742,1.291657137339404,0.4514767230284471,0.0411815346306321
0.0588235294117647,0.1691176470588235,0.025735294117647,0.0110294117647058,0.0110294117647058,0.1066176470588235,0.0,0.2022058823529411,0.0845588235294117,0.0,0.0183823529411764,0.0735294117647058,0.1617647058823529,0.0073529411764705,0.0294117647058823,0.0404411764705882,0.0,9.526855887639424,13723.375347980738,50.45358583816448,9.015766068759376,21.235044843049327,21.043213290922328,25.449626307922276,19.16149476831091,10.878744394618828,63.62406576980568,9.833333333333334,100.0,0.7279411764705882,4.011029411764706,272.0,0.0,0.0,0.0,0.0,0.0,0.0,0.1025248661055853,0.0550879877582249,0.0550879877582249,0.0550879877582249,0.0550879877582249,0.0550879877582249,0.0183626625860749,0.0183626625860749,0.0214231063504208,0.6071030884981156,0.6053626537322998,4.672645739910314,3.0,3.226226008150345,37.16666666666666,30.5,19.368502494743595,1.8923766816143497,1.0,1.2835926325948466,223.0,118.0,0.5291479820627802,1091.0,6.0,3.5855295535575045,0.788476006445803,0.4441042499737009,0.0177951902385282
0.0831099195710455,0.1742627345844504,0.0241286863270777,0.0134048257372654,0.0187667560321715,0.1126005361930295,0.0,0.2198391420911528,0.0509383378016085,0.0,0.032171581769437,0.0938337801608579,0.0965147453083109,0.002680965147453,0.0053619302949061,0.0723860589812332,0.0,13.341736648936736,622648.011749374,1669.2976186310295,3.35814935064937,20.37927489177489,20.525071163670997,24.36103896103896,18.317905844155845,13.785952380952375,63.87878787878788,10.181818181818182,152.0,0.8632707774798928,4.785522788203753,373.0,0.0,0.0,0.0,0.0,0.0,0.0,0.1067044381491973,0.0519357884796978,0.0273843248347497,0.0,0.0,0.0,0.0198300283286118,0.0155807365439093,0.0,0.5864848017692565,0.6111714210775163,5.196428571428571,4.0,3.8059460506076617,30.545454545454547,29.0,11.987596895910496,2.0386904761904763,1.0,1.339083979515479,336.0,169.0,0.5029761904761905,1785.0,11.0,3.165648841623016,0.6574783454661043,0.4487208997366296,0.0345060812823859
0.1024258760107816,0.1239892183288409,0.0350404312668463,0.0269541778975741,0.0296495956873315,0.1536388140161725,0.0,0.2479784366576819,0.0242587601078167,0.0,0.0512129380053908,0.0,0.091644204851752,0.0188679245283018,0.0,0.0943396226415094,0.0,11.926727688138511,151255.79483812646,407.69756021058345,14.19905058043119,15.9023631840796,17.37919286519448,20.81757877280265,11.94576451077944,12.65898507462687,53.53648424543947,6.5,175.0,0.8814016172506739,4.711590296495957,371.0,0.0,0.0,0.0,0.0,0.0,0.0,0.1947242206235012,0.1400479616306954,0.1400479616306954,0.1400479616306954,0.1400479616306954,0.1400479616306954,0.0359712230215827,0.0172661870503597,0.0316546762589928,0.3987616944291136,0.3549665620867017,5.11044776119403,4.0,3.2234742695846186,18.61111111111111,15.5,12.57925491915112,2.053731343283582,2.0,1.2082216311228338,335.0,149.0,0.444776119402985,1748.0,18.0,2.7747292370357384,0.9533283341727408,0.4157506501288751,0.0548189944859338
0.0534351145038167,0.1946564885496183,0.0229007633587786,0.0381679389312977,0.0343511450381679,0.1717557251908397,0.0,0.2633587786259542,0.0038167938931297,0.0,0.0458015267175572,0.0190839694656488,0.0839694656488549,0.0190839694656488,0.0076335877862595,0.0419847328244274,0.0,11.812190269310442,134886.6761957849,514.8346419686446,26.072544456066964,17.044513598326365,18.643177196211187,21.8244769874477,14.436453974895391,9.337071129707104,55.39801255230125,7.625,146.0,0.9045801526717556,4.141221374045801,262.0,0.0,0.0,0.0,0.0,0.0,0.0,0.0249621785173978,0.0,0.0,0.0,0.0,0.0,0.0416036308623298,0.0,0.0,0.4490915153707777,0.4319087093075116,4.443514644351464,3.0,2.930854080111612,29.875,27.0,20.787240677877374,1.7782426778242677,1.0,1.0414964730859968,239.0,115.0,0.4811715481171548,1085.0,8.0,3.0071576728959597,0.7639824851026017,0.3756670192267832,0.0627038496194404
0.0666666666666666,0.1769230769230769,0.0435897435897435,0.0307692307692307,0.0282051282051282,0.1461538461538461,0.0,0.2615384615384615,0.0051282051282051,0.0,0.0358974358974358,0.0102564102564102,0.0743589743589743,0.0282051282051282,0.0102564102564102,0.082051282051282,0.0,15.477866994555429,5271718.690374574,13517.227411216856,8.75470175438599,18.017052631578952,19.42128082394128,23.144672206832876,14.949205909510615,13.363656509695286,60.90877192982455,8.866666666666667,203.0,0.9153846153846154,4.858974358974359,390.0,0.0,0.0,0.0,0.0,0.0,0.0,0.0399113082039911,0.0399113082039911,0.0399113082039911,0.0,0.0,0.0,0.0177383592017738,0.0288248337028824,0.037250554323725,0.5397415565592902,0.532558968433967,5.1689750692520775,5.0,3.237887088817718,24.066666666666663,27.0,9.327140802816023,2.0526315789473686,2.0,1.1932404261846985,361.0,162.0,0.4487534626038781,1895.0,15.0,2.922557758247611,0.578418751493693,0.4154914781419075,0.0427896972833458
0.0679611650485436,0.1699029126213592,0.0048543689320388,0.0194174757281553,0.0485436893203883,0.0776699029126213,0.0,0.3155339805825243,0.0485436893203883,0.0,0.0194174757281553,0.0533980582524271,0.1213592233009708,0.0048543689320388,0.0,0.0485436893203883,0.0,7.748659986164483,2318.463558875372,11.254677470268796,-1.6972928176795392,19.9197000789266,20.80303759183278,25.149486977111287,17.572715074980266,15.606408839778997,65.08366219415943,10.142857142857142,75.0,0.8252427184466019,4.985436893203883,206.0,0.0,0.0,0.0,0.0,0.0,0.0,0.0613598673300165,0.0613598673300165,0.0613598673300165,0.0613598673300165,0.0613598673300165,0.0613598673300165,0.0265339966832504,0.0563847429519071,0.0,0.5252396712700526,0.4930697798728943,5.535911602209945,5.0,3.460125324739563,25.857142857142858,23.0,8.72481799120141,2.154696132596685,2.0,1.2518903017253964,181.0,102.0,0.56353591160221,1027.0,7.0,3.210905285191,0.6882096627195291,0.4344845630559916,0.0414452445587865
0.0888529886914378,0.1922455573505654,0.0226171243941841,0.0210016155088853,0.0193861066235864,0.0840064620355412,0.0,0.2310177705977383,0.0759289176090468,0.0,0.0032310177705977,0.061389337641357,0.1486268174474959,0.0032310177705977,0.0226171243941841,0.0258481421647819,0.0,23.17113401865257,11563668783.475416,18681209.6663577,-4.817117870722399,26.998524714828907,24.58044324465487,31.762433460076046,27.22906844106464,11.550494296577943,79.02585551330799,13.9,216.0,0.7221324717285945,4.184168012924071,619.0,0.0,0.0,0.0,0.0,0.0,0.0,0.3818998716302952,0.3125802310654685,0.2631578947368421,0.2156611039794608,0.1880616174582798,0.1546854942233632,0.0070603337612323,0.0202182284980744,0.0314505776636713,0.7654166221618652,0.6709097046405077,4.747148288973384,4.0,3.269100271110251,52.6,54.5,19.62753168383636,1.870722433460076,1.0,1.2280073858437717,526.0,184.0,0.3498098859315589,2590.0,10.0,4.797727433121255,1.172558983065087,0.4237147842019423,0.0332286949778555
0.0994764397905759,0.1806282722513089,0.0287958115183246,0.0287958115183246,0.0340314136125654,0.1047120418848167,0.0,0.225130890052356,0.0287958115183246,0.0,0.0183246073298429,0.0732984293193717,0.1073298429319371,0.0052356020942408,0.0157068062827225,0.0497382198952879,0.0,12.985748329150123,436152.9786044637,1141.7617240954546,-2.9307521994134618,22.13949853372434,22.58601270474327,27.24703812316716,20.05398826979472,13.835542521994132,67.82434017595307,11.5,158.0,0.8534031413612565,4.738219895287958,382.0,0.0,0.0,0.0,0.0,0.0,0.0,0.0251162790697674,0.0,0.0,0.0,0.0,0.0,0.0186046511627906,0.0297674418604651,0.0,0.7101866006851196,0.6738600805401802,5.187683284457478,4.0,3.535321672056336,34.1,28.5,21.570581818764182,2.070381231671554,1.0,1.3724465498086864,341.0,156.0,0.4574780058651026,1810.0,10.0,3.803210328595179,1.512869627082834,0.4746799226568147,0.0509404758698495
0.0361990950226244,0.1312217194570135,0.0090497737556561,0.004524886877828,0.0226244343891402,0.1402714932126696,0.0,0.2398190045248869,0.0950226244343891,0.0,0.0497737556561085,0.0542986425339366,0.1266968325791855,0.0090497737556561,0.0180995475113122,0.0633484162895927,0.0,6.915632358498112,1007.9081853275012,4.560670521843896,34.450125000000014,13.224041666666668,15.6451,17.680000000000003,8.629062499999996,8.19958333333333,42.6375,4.5,89.0,0.7647058823529411,3.9049773755656103,221.0,0.0,0.0,0.0,0.0,0.0,0.0,0.0417061611374407,0.0,0.0,0.0,0.0,0.0,0.0454976303317535,0.0426540284360189,0.0,0.4056279593043857,0.419059194624424,4.34375,4.0,2.693851506208165,19.2,11.5,19.28107880799204,1.8072916666666667,1.0,0.9785985719029816,192.0,102.0,0.53125,863.0,10.0,3.0839049186108007,1.8558776334771985,0.3872343016460663,0.0650204053423749
0.0613496932515337,0.1595092024539877,0.0306748466257668,0.0184049079754601,0.0306748466257668,0.0981595092024539,0.0,0.2208588957055214,0.0184049079754601,0.0,0.0306748466257668,0.0552147239263803,0.1533742331288343,0.0245398773006134,0.0,0.0981595092024539,0.0,5.223945191287678,185.66522590421565,1.1390504656700349,10.930597826086997,16.020108695652176,16.373557378465907,19.36376811594203,12.656304347826088,14.27014492753623,49.85869565217392,5.625,69.0,0.8343558282208589,4.730061349693251,163.0,0.0,0.0,0.0,0.0,0.0,0.0,0.2813186813186813,0.2065934065934065,0.2065934065934065,0.2065934065934065,0.2065934065934065,0.2065934065934065,0.0219780219780219,0.0692307692307692,0.0,0.3978327033775193,0.4610974223663409,5.405797101449275,4.0,4.085388742362651,17.25,15.5,14.385322380815802,2.108695652173913,2.0,1.4380178719772656,138.0,78.0,0.5652173913043478,771.0,8.0,2.5218135758576934,1.4293283686824632,0.4840996013790131,0.1136997555110181
0.0875576036866359,0.2304147465437788,0.0138248847926267,0.0092165898617511,0.0276497695852534,0.0829493087557603,0.0,0.2903225806451613,0.0046082949308755,0.0,0.0092165898617511,0.0599078341013824,0.1244239631336405,0.0138248847926267,0.0092165898617511,0.0368663594470046,0.0,7.771780150596754,2372.691278927673,10.934061193215085,-14.868333333333313,23.1172340425532,22.641843272026104,27.42695035460993,20.291985815602835,15.78297872340426,68.0354609929078,11.5,93.0,0.8294930875576036,4.926267281105991,217.0,0.0,0.0,0.0,0.0,0.0,0.0,0.2714968152866242,0.232484076433121,0.232484076433121,0.1990445859872611,0.1990445859872611,0.1178343949044586,0.0636942675159235,0.0796178343949044,0.0406050955414012,0.6289543867111206,0.5978151112794876,5.531914893617022,5.0,3.444706477504456,31.33333333333333,30.5,8.096638534327413,2.24468085106383,2.0,1.365892820105698,188.0,99.0,0.526595744680851,1069.0,6.0,3.685830841261211,0.9264755168200008,0.4390557441370865,0.0235322109112543
0.0809523809523809,0.2,0.0238095238095238,0.0095238095238095,0.0238095238095238,0.1142857142857142,0.0,0.3380952380952381,0.0666666666666666,0.0,0.0047619047619047,0.0095238095238095,0.0904761904761904,0.0047619047619047,0.0,0.0333333333333333,0.0,7.232437418642286,1383.590787439752,6.588527559236915,-19.480021815008683,23.884685863874346,23.594237795773573,28.858987783595115,22.574048865619545,18.334659685863876,75.28883071553228,13.833333333333334,89.0,0.8761904761904762,5.514285714285714,210.0,0.0,0.0,0.0,0.0,0.0,0.0,0.0934718100890207,0.0459940652818991,0.0,0.0,0.0,0.0,0.0185459940652818,0.0356083086053412,0.0556379821958456,0.6440352916717529,0.588121123611927,5.963350785340314,5.0,3.8046151744481,31.83333333333333,35.5,13.84938827369482,2.2931937172774868,2.0,1.3910355324455133,191.0,98.0,0.5130890052356021,1158.0,6.0,3.2031873821789785,0.5889617690145287,0.4776704154855415,0.0826755855927818
0.1290322580645161,0.1935483870967742,0.0414746543778801,0.0092165898617511,0.0276497695852534,0.1244239631336405,0.0,0.2949308755760368,0.0046082949308755,0.0,0.0092165898617511,0.0138248847926267,0.0875576036866359,0.0138248847926267,0.0,0.0506912442396313,0.0,8.982957521429471,7966.157391296503,36.71040272486868,-15.031363636363636,20.821313131313136,20.581828153500812,25.76969696969697,16.735757575757575,16.768484848484842,64.92929292929293,9.444444444444445,92.0,0.912442396313364,5.350230414746544,217.0,0.0,0.0,0.0,0.0,0.0,0.0,0.1385408990420044,0.0928518791451731,0.0928518791451731,0.0589535740604274,0.0589535740604274,0.0589535740604274,0.0294767870302137,0.0619012527634487,0.0751658069270449,0.4647039286792278,0.4591968868459974,5.767676767676767,5.0,3.726314513714164,22.0,18.0,13.123346456686352,2.3585858585858586,2.0,1.3917876086812988,198.0,106.0,0.5353535353535354,1161.0,9.0,2.8408376064682783,0.5427786154191617,0.4466080190898702,0.0406517458997221
0.0324483775811209,0.1858407079646017,0.0265486725663716,0.0412979351032448,0.0206489675516224,0.1799410029498525,0.0,0.2831858407079646,0.0,0.0,0.0442477876106194,0.0088495575221238,0.0560471976401179,0.0265486725663716,0.0,0.0943952802359882,0.0,14.45995086159726,1904920.5537351456,5619.2346717850905,17.09647727272727,18.10170454545455,20.00567095717988,23.63636363636364,15.841204545454543,11.553499999999996,62.21590909090909,9.636363636363637,188.0,0.943952802359882,4.610619469026549,339.0,0.0,0.0,0.0,0.0,0.0,0.0,0.1147715196599362,0.0701381509032943,0.0308182784272051,0.0,0.0,0.0,0.0185972369819341,0.028692879914984,0.0334750265674814,0.5929254084825516,0.4878966046704186,4.825,4.0,2.932682219402573,29.09090909090909,27.0,9.287866429375336,1.89375,2.0,1.0434131192868912,320.0,141.0,0.440625,1563.0,11.0,3.1997983623408817,0.5779818958770336,0.4060028873525171,0.036719436721281
0.1428571428571428,0.1428571428571428,0.0372670807453416,0.031055900621118,0.0496894409937888,0.1180124223602484,0.0,0.2111801242236025,0.0248447204968944,0.0,0.0124223602484472,0.031055900621118,0.0745341614906832,0.0248447204968944,0.0,0.0993788819875776,0.0,5.682121131615835,293.57147370534227,1.823425302517654,2.209032438478744,19.120503355704702,19.287186520377343,22.81923937360179,15.29532438478747,13.355167785234894,58.3903803131991,8.333333333333334,72.0,0.9130434782608696,4.850931677018633,161.0,0.0,0.0,0.0,0.0,0.0,0.0,0.0,0.0,0.0,0.0,0.0,0.0,0.0473627556512378,0.0688912809472551,0.0,0.5342220723628998,0.3954042233526706,5.161073825503356,5.0,3.2024887848934918,24.83333333333333,21.0,7.861650943380503,2.120805369127517,2.0,1.2792235043960694,149.0,100.0,0.6711409395973155,781.0,6.0,2.7600185971495343,0.2788251792794907,0.4412385847880071,0.0386014187470546
0.1374045801526717,0.1552162849872773,0.0407124681933842,0.0330788804071246,0.0203562340966921,0.1297709923664122,0.0,0.2188295165394402,0.0279898218829516,0.0,0.0279898218829516,0.0254452926208651,0.1094147582697201,0.0178117048346055,0.0076335877862595,0.0483460559796437,0.0,14.17449933373886,1431880.7297293872,3643.4624166142166,4.071303571428587,18.12582142857143,18.70877612388011,22.35,14.510871428571429,14.061257142857144,57.30357142857142,7.75,182.0,0.8600508905852418,4.837150127226463,393.0,0.0,0.0,0.0,0.0,0.0,0.0,0.056,0.0284444444444444,0.0284444444444444,0.0284444444444444,0.0,0.0,0.032,0.0266666666666666,0.0186666666666666,0.4809831634163856,0.512368170278413,5.308571428571429,5.0,3.3486348116868188,21.875,21.5,9.333240326917547,2.1342857142857143,2.0,1.2836205173855166,350.0,176.0,0.5028571428571429,1901.0,16.0,2.8784168798559677,0.6813575870346329,0.446642928737635,0.088215399440756
0.0681818181818181,0.1515151515151515,0.0189393939393939,0.0075757575757575,0.0416666666666666,0.1098484848484848,0.0,0.1931818181818181,0.0833333333333333,0.0,0.0303030303030303,0.0946969696969697,0.1363636363636363,0.0037878787878787,0.0,0.0606060606060606,0.0,9.099305264183077,8949.073301561144,33.89800493015585,-18.66742105263154,27.191368421052637,27.09541536135665,33.67859649122807,27.15105263157895,15.736140350877193,84.63508771929824,17.8,101.0,0.7840909090909091,4.863636363636363,264.0,0.0,0.0,0.0,0.0,0.0,0.0,0.0503978779840848,0.0503978779840848,0.0,0.0,0.0,0.0,0.019893899204244,0.0377984084880636,0.0,0.6074701696634293,0.5521892110506693,5.473684210526316,4.0,3.7304120611389626,45.6,28.0,28.82082580357475,2.1184210526315788,1.0,1.3308133503958677,228.0,131.0,0.5745614035087719,1284.0,5.0,3.984966476913345,1.0298743806892876,0.4401552814674256,0.0168073597324835
0.0866141732283464,0.1154855643044619,0.0419947506561679,0.0262467191601049,0.0288713910761154,0.1469816272965879,0.0,0.2204724409448819,0.0367454068241469,0.0,0.0236220472440944,0.0262467191601049,0.1391076115485564,0.0314960629921259,0.0,0.0761154855643044,0.0,11.59531098902234,108587.43598271032,285.00639365540763,9.24645833333335,18.594375000000003,19.70262927109974,23.29166666666667,15.615239583333334,12.692124999999995,61.04166666666667,9.166666666666666,159.0,0.8136482939632546,4.388451443569553,381.0,0.0,0.0,0.0,0.0,0.0,0.0,0.1486486486486486,0.1486486486486486,0.1296296296296296,0.1091091091091091,0.1091091091091091,0.1091091091091091,0.063063063063063,0.048048048048048,0.024024024024024,0.555238051847978,0.5531809389591217,5.034375,4.0,3.1407711408784627,26.666666666666668,26.0,14.02576993331283,2.015625,2.0,1.1975520278363692,320.0,131.0,0.409375,1672.0,12.0,3.22359920869451,0.952005286503617,0.417011176921008,0.0543157041952191
0.0606060606060606,0.1483253588516746,0.0175438596491228,0.0095693779904306,0.0303030303030303,0.0606060606060606,0.0,0.1866028708133971,0.1451355661881977,0.0063795853269537,0.0063795853269537,0.0956937799043062,0.1929824561403508,0.0015948963317384,0.0047846889952153,0.0334928229665071,0.0,18.745116161522823,138324946.71367574,220613.9501015562,6.969880478087646,21.19508252703472,20.537248953866406,24.70142287990893,18.800702902675013,11.216653386454176,62.55036994877632,9.571428571428571,174.0,0.6491228070175439,3.9904306220095696,627.0,0.0,0.0,0.0,0.0,0.0,0.0,0.1797603195739014,0.1547936085219707,0.0892143808255659,0.0426098535286285,0.0426098535286285,0.0426098535286285,0.0233022636484687,0.0119840213049267,0.0139813581890812,0.5093516844969529,0.5394930765032768,4.735059760956175,4.0,3.60879926952766,35.857142857142854,23.0,39.32258010510562,1.9322709163346612,1.0,1.412590801055229,502.0,214.0,0.4262948207171315,2502.0,14.0,3.777055171849612,2.5008443840144303,0.4421931404006453,0.0635403998074612
0.1029023746701846,0.1503957783641161,0.0369393139841688,0.0105540897097625,0.0290237467018469,0.1345646437994723,0.0,0.2242744063324538,0.0237467018469656,0.0,0.0079155672823219,0.079155672823219,0.1187335092348284,0.0158311345646438,0.0052770448548812,0.0606860158311345,0.0,13.754079945710982,940418.196975236,2481.314503892443,-9.303293172690758,21.430120481927712,21.713826457497294,26.36787148594378,18.45020080321285,15.647228915662652,66.82329317269077,10.833333333333334,153.0,0.862796833773087,4.968337730870712,379.0,0.0,0.0,0.0,0.0,0.0,0.0,0.073270013568521,0.073270013568521,0.0379918588873812,0.0379918588873812,0.0,0.0,0.0226142017186793,0.0235187697874265,0.0244233378561736,0.6301341436126016,0.6237225443124771,5.530120481927711,4.0,3.4929786694859883,27.666666666666668,19.5,20.560209683323325,2.2228915662650603,2.0,1.3188919501588947,332.0,167.0,0.5030120481927711,1883.0,12.0,3.131909305144149,0.6421849104168261,0.4461929451496756,0.0467847301113196
0.0906735751295336,0.2046632124352331,0.0233160621761658,0.0155440414507772,0.0233160621761658,0.1269430051813471,0.0,0.272020725388601,0.0155440414507772,0.0,0.0233160621761658,0.0362694300518134,0.0906735751295336,0.0077720207253886,0.0,0.0699481865284974,0.0,16.30310051724568,12032242.953486308,31171.613869135508,-20.54247086247082,24.05169645169645,24.15437706011375,29.743693343693344,21.87206682206682,17.413219373219366,76.35353535353535,14.181818181818182,170.0,0.8911917098445595,5.370466321243524,386.0,0.0,0.0,0.0,0.0,0.0,0.0,0.1197357555739058,0.1197357555739058,0.1040462427745664,0.1040462427745664,0.1040462427745664,0.0594549958711808,0.0375722543352601,0.0268373245251857,0.0495458298926507,0.5857925474643707,0.6056355867120955,5.806267806267806,5.0,3.7060150578743594,31.90909090909091,33.0,15.311638742856216,2.304843304843305,2.0,1.3591326276942777,351.0,176.0,0.5014245014245015,2073.0,11.0,3.113205305704437,0.7233992828947621,0.4279166144980718,0.0294314895705735
0.1385542168674698,0.1927710843373494,0.0150602409638554,0.0210843373493975,0.0271084337349397,0.1355421686746988,0.0,0.25,0.003012048192771,0.0,0.0301204819277108,0.0271084337349397,0.0963855421686747,0.0090361445783132,0.003012048192771,0.0512048192771084,0.0,12.236192578916793,206115.62545337295,620.8301971487138,-33.700999999999965,30.38133333333333,28.57060457421888,35.86666666666667,30.0716,16.692800000000002,89.33333333333333,19.666666666666668,153.0,0.9006024096385542,5.180722891566265,332.0,0.0,0.0,0.0,0.0,0.0,0.0,0.0,0.0,0.0,0.0,0.0,0.0,0.0173353145121347,0.0326894502228826,0.0,0.6539535582065582,0.6728769242763519,5.626666666666667,5.0,3.77455810511494,50.0,52.5,28.88482877451991,2.243333333333333,2.0,1.38472219436086,300.0,153.0,0.51,1720.0,6.0,3.4442516274409694,0.7987626769402093,0.437336290855449,0.0633594223135479
0.053072625698324,0.1759776536312849,0.0502793296089385,0.047486033519553,0.0307262569832402,0.1284916201117318,0.0,0.1983240223463687,0.0,0.0,0.0642458100558659,0.0,0.0558659217877094,0.0279329608938547,0.0,0.1675977653631284,0.0,13.195202304509095,537778.639918258,1502.174971838709,9.95096019365252,19.50487896718666,20.18056237396984,23.888542227003768,16.549997310381933,11.47112426035503,58.24206562668101,8.454545454545455,197.0,0.9441340782122905,4.589385474860335,358.0,0.0,0.0,0.0,0.0,0.0,0.0,0.2101010101010101,0.1171717171717171,0.0353535353535353,0.0,0.0,0.0,0.0282828282828282,0.0424242424242424,0.0333333333333333,0.5189925983548165,0.6711450020472208,4.8017751479289945,5.0,2.8883150300400326,30.727272727272727,31.0,11.748043621200075,1.9585798816568047,2.0,1.087067765348213,338.0,129.0,0.3816568047337278,1643.0,11.0,3.0914080977101204,0.4475422284848011,0.4087345752108323,0.0699118146413518
0.0423280423280423,0.1322751322751322,0.0317460317460317,0.0158730158730158,0.037037037037037,0.1904761904761904,0.0,0.2751322751322751,0.0317460317460317,0.0,0.0158730158730158,0.0317460317460317,0.0952380952380952,0.0105820105820105,0.0,0.0899470899470899,0.0,6.60578010036963,739.3564165138844,3.911938711713674,-6.336886227544909,20.06997433704021,20.67064668209164,25.35124037639008,17.038152266894784,16.09149700598803,65.17450812660394,9.857142857142858,83.0,0.8518518518518519,5.095238095238095,189.0,0.0,0.0,0.0,0.0,0.0,0.0,0.2506619593998235,0.2224183583406884,0.2224183583406884,0.2224183583406884,0.2224183583406884,0.2224183583406884,0.1350397175639894,0.0706090026478376,0.0794351279788173,0.5840397526820501,0.6156763136386871,5.634730538922156,5.0,3.6776705746347695,23.857142857142858,19.0,17.585940581113338,2.2335329341317367,2.0,1.3622195158616637,167.0,78.0,0.467065868263473,963.0,7.0,2.9103565674994245,1.1446078990059123,0.4566365423508281,0.0431259094738923
0.0709046454767726,0.1295843520782396,0.0440097799511002,0.0342298288508557,0.0268948655256723,0.1491442542787286,0.0,0.2127139364303178,0.0220048899755501,0.0,0.0660146699266503,0.0244498777506112,0.0953545232273838,0.0244498777506112,0.0,0.1002444987775061,0.0,15.53186887122899,5564228.346813939,13604.470285608651,16.629855072463783,15.293198757763978,17.066773765732933,20.596480331262946,11.675437370600411,12.90152173913043,55.83902691511387,6.714285714285714,201.0,0.8875305623471883,4.750611246943765,409.0,0.0,0.0,0.0,0.0,0.0,0.0,0.0927209705372617,0.0580589254766031,0.0,0.0,0.0,0.0,0.028162911611785,0.0498266897746967,0.0337954939341421,0.3839105419814587,0.4261410408898404,5.168478260869565,4.0,3.279363317972948,17.523809523809526,16.0,11.16379798668573,2.0380434782608696,2.0,1.235203062984096,368.0,161.0,0.4375,1943.0,21.0,2.426882857006188,0.7201096468973712,0.4259299220190966,0.0592927800373843
0.0576368876080691,0.1757925072046109,0.0461095100864553,0.0461095100864553,0.0201729106628242,0.138328530259366,0.0,0.2219020172910663,0.0,0.0,0.0432276657060518,0.0374639769452449,0.0835734870317002,0.0172910662824207,0.0,0.1123919308357348,0.0,11.970608417939726,158040.78600036615,455.4489510097007,8.558310463121813,19.247438536306465,20.18056237396984,23.8906803887936,16.75228130360206,12.797987421383649,60.67009719839909,9.181818181818182,168.0,0.9164265129682996,4.70028818443804,347.0,0.0,0.0,0.0,0.0,0.0,0.0,0.1068859198355601,0.05344295991778,0.05344295991778,0.05344295991778,0.05344295991778,0.0,0.0369989722507708,0.0349434737923946,0.0354573484069886,0.5327681034803391,0.5398609207736121,5.037735849056604,4.0,2.9723818720207134,28.90909090909091,24.0,19.59802654932632,1.9968553459119496,2.0,1.1368566054429845,318.0,145.0,0.4559748427672956,1631.0,11.0,3.23999954337897,0.7197419285157014,0.4380072443096977,0.0702642576736419
0.095,0.165,0.03,0.045,0.03,0.125,0.0,0.28,0.025,0.0,0.015,0.005,0.095,0.015,0.0,0.075,0.0,7.407556945378792,1648.3943062946842,8.241971531473421,-3.171859116022091,18.19828176795581,18.243605946275583,22.70961325966851,15.958066298342544,17.942099447513808,60.0889502762431,7.6,85.0,0.88,5.54,200.0,0.0,0.0,0.0,0.0,0.0,0.0,0.0419580419580419,0.0,0.0,0.0,0.0,0.0,0.031080031080031,0.0,0.0,0.4998773203955756,0.3765740655362606,6.016574585635359,6.0,3.936618199949265,18.1,15.0,10.93114815561476,2.265193370165746,2.0,1.4283450962527209,181.0,96.0,0.5303867403314917,1108.0,10.0,2.6367302427792483,0.778507758745823,0.4368769703469811,0.0351668589193106
0.0774526678141136,0.1790017211703958,0.0206540447504302,0.0120481927710843,0.0223752151462994,0.1015490533562822,0.0,0.2426850258175559,0.0860585197934595,0.0,0.0120481927710843,0.0654044750430292,0.1462994836488812,0.0017211703958691,0.0017211703958691,0.0309810671256454,0.0,23.398571153703053,14516781379.652475,24985854.353962958,-15.807675953079183,26.66601906158358,26.620292585539566,33.03636363636364,26.30825696480938,14.994435483870966,83.39736070381232,17.272727272727273,208.0,0.7710843373493976,4.712564543889845,581.0,0.0,0.0,0.0,0.0,0.0,0.0,0.2850061957868649,0.280359355638166,0.2574349442379182,0.2465923172242874,0.2242874845105328,0.2242874845105328,0.037174721189591,0.1294919454770756,0.1499380421313506,0.5517964854836463,0.5916937390963236,5.348790322580645,4.0,3.8386456139612273,45.09090909090909,28.0,34.35762333153641,2.090725806451613,1.0,1.329653528353555,496.0,197.0,0.3971774193548387,2738.0,11.0,3.822397392308975,1.642787770958942,0.4526763415168276,0.0496359803448645
0.1235955056179775,0.1797752808988764,0.0112359550561797,0.0280898876404494,0.0449438202247191,0.1011235955056179,0.0,0.2191011235955056,0.0,0.0,0.0449438202247191,0.0674157303370786,0.095505617977528,0.0224719101123595,0.0,0.0617977528089887,0.0,7.012781707101475,1110.739964736154,6.240112161439067,-10.575271739130416,24.733586956521737,25.069318378585024,30.758385093167703,23.093385093167704,13.923726708074533,77.51708074534162,15.0,80.0,0.904494382022472,4.780898876404494,178.0,0.0,0.0,0.0,0.0,0.0,0.0,0.0,0.0,0.0,0.0,0.0,0.0,0.0237388724035608,0.0,0.0,0.7642597158749899,0.7424399852752686,5.180124223602484,4.0,3.4835695956052954,40.25,38.5,12.93010054098575,2.0869565217391304,1.0,1.325297596242646,161.0,94.0,0.5838509316770186,851.0,4.0,3.49068657635468,0.6328102378803605,0.4399744104821125,0.0198393304582592
0.0895522388059701,0.1691542288557214,0.0199004975124378,0.044776119402985,0.0199004975124378,0.1094527363184079,0.0,0.2288557213930348,0.0149253731343283,0.0,0.0298507462686567,0.0895522388059701,0.0895522388059701,0.0248756218905472,0.0,0.0696517412935323,0.0,4.529783665591316,92.73849638407016,0.4613855541496028,15.341465163934458,16.802288251366125,17.267425705330172,19.860382513661207,14.587008196721314,13.59125683060109,54.02254098360656,7.125,85.0,0.900497512437811,4.840796019900497,201.0,0.0,0.0,0.0,0.0,0.0,0.0,0.1541125541125541,0.0,0.0,0.0,0.0,0.0,0.0865800865800865,0.045021645021645,0.0,0.5753945665700095,0.6033416042725245,5.218579234972678,5.0,3.003874393080523,22.875,17.5,14.675127767757251,1.989071038251366,2.0,1.1734264945547146,183.0,87.0,0.4754098360655737,973.0,8.0,2.526255346350161,0.3539679301385779,0.4800698605845664,0.0706970753173693
0.0744680851063829,0.1808510638297872,0.0159574468085106,0.0159574468085106,0.0372340425531914,0.1063829787234042,0.0,0.25,0.0319148936170212,0.0,0.0372340425531914,0.0691489361702127,0.1276595744680851,0.0,0.0,0.0531914893617021,0.0,7.834024441976354,2525.070954170819,13.431228479632017,-2.7749390243902496,18.73914634146342,19.78447435784618,24.785365853658536,15.529146341463417,16.099999999999998,64.40243902439025,9.0,74.0,0.8138297872340425,5.074468085106383,188.0,0.0,0.0,0.0,0.0,0.0,0.0,0.045658012533572,0.045658012533572,0.0,0.0,0.0,0.0,0.0071620411817367,0.0268576544315129,0.0402864816472694,0.3117800067578043,0.3447513505816459,5.670731707317073,5.0,3.71238821971419,20.5,15.5,13.756816492197604,2.231707317073171,2.0,1.3641648967614644,164.0,97.0,0.5914634146341463,954.0,8.0,2.626098238119408,1.004733834496143,0.4421902610158659,0.0454945308746552
0.1489361702127659,0.175531914893617,0.0212765957446808,0.0212765957446808,0.0372340425531914,0.1382978723404255,0.0,0.2765957446808511,0.0053191489361702,0.0,0.026595744680851,0.0212765957446808,0.0585106382978723,0.0106382978723404,0.0,0.0585106382978723,0.0,7.254883296467068,1414.997858243089,7.526584352356856,-14.068881355932175,24.016,24.041184974961247,29.301242937853107,21.57627118644068,14.95638418079096,70.42824858757062,12.4,85.0,0.9414893617021276,5.117021276595745,188.0,0.0,0.0,0.0,0.0,0.0,0.0,0.2748898678414097,0.1762114537444934,0.0,0.0,0.0,0.0,0.079295154185022,0.092511013215859,0.0881057268722467,0.698748268187046,0.6597257256507874,5.372881355932203,5.0,3.6494638802216186,35.4,26.0,21.133859089148864,2.1864406779661016,2.0,1.4159053274136697,177.0,87.0,0.4915254237288136,962.0,5.0,3.4237555208879384,0.8783851218412615,0.4872717372691397,0.0387893693904845
0.0673076923076923,0.1794871794871795,0.0448717948717948,0.0352564102564102,0.0416666666666666,0.1153846153846153,0.0,0.1987179487179487,0.0224358974358974,0.0,0.0544871794871794,0.0705128205128205,0.0865384615384615,0.0096153846153846,0.0,0.0737179487179487,0.0,12.17601594306226,194078.101690365,622.0451977255289,4.280249679897622,19.07627400768246,20.00567095717988,23.848399487836105,16.438774007682454,14.21338028169014,62.08578745198463,9.363636363636363,153.0,0.8974358974358975,4.913461538461538,312.0,0.0,0.0,0.0,0.0,0.0,0.0,0.1553719008264462,0.1184573002754821,0.1024793388429752,0.0661157024793388,0.0661157024793388,0.0661157024793388,0.0231404958677685,0.0826446280991735,0.0578512396694214,0.5360795199871063,0.5424017310142517,5.299295774647887,4.0,3.5621048627689813,25.818181818181817,21.0,11.29616332146114,2.084507042253521,2.0,1.2754063574841432,284.0,130.0,0.4577464788732394,1533.0,11.0,3.0677277008571355,0.7406406080357777,0.4045203978223713,0.052323628960653
0.1158301158301158,0.1969111969111969,0.0193050193050193,0.0154440154440154,0.0308880308880308,0.1351351351351351,0.0,0.2625482625482625,0.0154440154440154,0.0,0.0193050193050193,0.054054054054054,0.0772200772200772,0.0154440154440154,0.0,0.0424710424710424,0.0,11.288298264342895,79881.39606003324,308.42237861016696,3.4652029288702977,18.71342677824268,19.48791578843652,23.28384937238494,16.080125523012548,14.870962343096233,62.39372384937239,9.2,122.0,0.918918918918919,5.084942084942085,259.0,0.0,0.0,0.0,0.0,0.0,0.0,0.117684887459807,0.1016077170418006,0.0643086816720257,0.0643086816720257,0.0643086816720257,0.0,0.0231511254019292,0.0443729903536977,0.0366559485530546,0.6168361438645257,0.594306793063879,5.426778242677824,5.0,3.376307197180941,23.9,21.0,6.655073252789935,2.1171548117154813,2.0,1.2285305459748102,239.0,131.0,0.5481171548117155,1317.0,10.0,2.979473579249175,0.4341345796279898,0.4194212605222422,0.0266014201637885
0.0725806451612903,0.1693548387096774,0.0161290322580645,0.0161290322580645,0.0241935483870967,0.1129032258064516,0.0,0.1827956989247312,0.0349462365591397,0.0,0.032258064516129,0.1209677419354838,0.1290322580645161,0.0026881720430107,0.0188172043010752,0.0672043010752688,0.0,13.226825696312789,555056.78139366,1492.0881220259678,1.835109717868363,20.207774294670845,20.946342134312687,25.01692789968652,17.387774294670848,13.537805642633227,62.5423197492163,9.727272727272728,142.0,0.7876344086021505,4.56989247311828,372.0,0.0,0.0,0.0,0.0,0.0,0.0,0.1175595238095238,0.0714285714285714,0.0307539682539682,0.0307539682539682,0.0307539682539682,0.0,0.0654761904761904,0.019345238095238,0.0178571428571428,0.6037111580371857,0.6108646988868713,5.163009404388715,3.0,3.586601464582074,29.0,22.0,16.846904220603317,2.0752351097178683,1.0,1.4580813146981928,319.0,163.0,0.5109717868338558,1700.0,11.0,3.374546228058929,1.254026039635842,0.4295479720813945,0.0524994710878711
0.0785340314136125,0.1413612565445026,0.0209424083769633,0.0087260034904013,0.019197207678883,0.0924956369982548,0.0,0.2356020942408377,0.0645724258289703,0.0,0.0122164048865619,0.1029668411867364,0.1535776614310645,0.0017452006980802,0.0052356020942408,0.06282722513089,0.0,16.95985786048386,23204524.99448447,40496.55321899559,2.0903396739130926,20.46718297101449,21.19438992294339,25.325517598343687,19.24207298136645,15.15163561076604,66.2123447204969,10.875,182.0,0.7556719022687609,4.74694589877836,573.0,0.0,0.0,0.0,0.0,0.0,0.0,0.2553990610328638,0.1530516431924882,0.1333333333333333,0.1258215962441314,0.1076682316118935,0.1076682316118935,0.0241001564945226,0.0275430359937402,0.0306729264475743,0.5096152146657308,0.5534427357571465,5.430641821946169,5.0,3.555658162856402,30.1875,21.0,24.238963339012663,2.057971014492753,1.0,1.3299985301710482,483.0,203.0,0.4202898550724637,2720.0,16.0,3.1799816028010754,1.352690770240634,0.4414009904058078,0.0559104089856874
0.1701631701631701,0.1165501165501165,0.0442890442890442,0.0256410256410256,0.0279720279720279,0.1328671328671328,0.0,0.2051282051282051,0.0256410256410256,0.0,0.0279720279720279,0.0069930069930069,0.1258741258741259,0.0279720279720279,0.0,0.0629370629370629,0.0,11.6667344573418,116626.80993982944,271.85736582710825,-12.098062499999967,20.769291666666664,20.20772737824677,24.62833333333333,17.129470000000005,16.44522666666666,61.8375,9.0,183.0,0.8508158508158508,5.107226107226107,429.0,0.0,0.0,0.0,0.0,0.0,0.0,0.1981279251170047,0.0803432137285491,0.0382215288611544,0.0,0.0,0.0,0.0975039001560062,0.079173166926677,0.0561622464898595,0.4867220789194107,0.4373794445501907,5.698666666666667,5.0,3.626917638374982,23.4375,25.0,10.343891615344775,2.306666666666666,2.0,1.4566933635997508,375.0,150.0,0.4,2191.0,16.0,2.934428904990724,0.7795633603610498,0.437906135287933,0.0496412097318035
0.093103448275862,0.2206896551724138,0.0103448275862068,0.0172413793103448,0.0137931034482758,0.1137931034482758,0.0,0.293103448275862,0.0241379310344827,0.0,0.0206896551724137,0.0586206896551724,0.093103448275862,0.0034482758620689,0.0,0.0379310344827586,0.0,10.9611930634912,57595.11669510981,198.60385067279245,-2.488258079847867,21.77345532319392,22.60696792105337,27.29448669201521,19.811112167300383,14.26463878326996,69.37690114068441,12.0,124.0,0.8862068965517241,4.86896551724138,290.0,0.0,0.0,0.0,0.0,0.0,0.0,0.1583034647550776,0.045400238948626,0.0,0.0,0.0,0.0,0.043010752688172,0.03584229390681,0.0448028673835125,0.602680830018861,0.6054393251736959,5.266159695817491,5.0,3.207268848255715,32.875,31.5,10.599970518826929,2.079847908745247,2.0,1.2198036273990085,263.0,135.0,0.5133079847908745,1412.0,8.0,3.3434938009474875,0.6969009152966688,0.4562149879923174,0.034023038767879
0.099236641221374,0.1812977099236641,0.0171755725190839,0.0171755725190839,0.0229007633587786,0.1354961832061068,0.0,0.2442748091603053,0.0362595419847328,0.0,0.0171755725190839,0.0572519083969465,0.1030534351145038,0.0190839694656488,0.0057251908396946,0.0438931297709923,0.0,21.283069785480464,1750329312.0284054,3340323.1145580257,-4.665154584221739,22.232356076759064,22.91863359733372,27.728358208955225,20.12533049040512,14.28358208955224,70.60021321961621,12.428571428571429,221.0,0.8625954198473282,4.818702290076335,524.0,0.0,0.0,0.0,0.0,0.0,0.0,0.0947121820615796,0.0428380187416332,0.0428380187416332,0.0428380187416332,0.0428380187416332,0.0428380187416332,0.0217536813922356,0.0321285140562249,0.0,0.6283469498157501,0.6628588611880938,5.266524520255864,4.0,3.4934249648455933,33.5,32.0,21.6390850083824,2.098081023454158,2.0,1.323470491808915,469.0,215.0,0.4584221748400853,2525.0,14.0,3.1698409803129457,0.8315076408976767,0.4423687261756362,0.0469844556047916
0.0957642725598526,0.1823204419889502,0.0257826887661141,0.009208103130755,0.0331491712707182,0.1123388581952117,0.0,0.2467771639042357,0.0386740331491712,0.0,0.0165745856353591,0.0534069981583793,0.1270718232044199,0.001841620626151,0.009208103130755,0.0478821362799263,0.0,23.48674308412988,15854878538.372725,29198671.34138623,9.550589094449862,20.985274261603376,21.40164668369169,25.808244076598516,19.02918695228822,11.138312236286918,65.7864329763064,10.692307692307692,211.0,0.8158379373848987,4.246777163904236,543.0,0.0,0.0,0.0,0.0,0.0,0.0,0.1360691144708423,0.0179985601151907,0.0,0.0,0.0,0.0,0.0403167746580273,0.0345572354211663,0.0172786177105831,0.6151801335314909,0.5720394470474937,4.719409282700422,4.0,3.184111874200462,36.46153846153846,36.0,17.709690457336475,1.8945147679324892,1.0,1.114467326922458,474.0,195.0,0.4113924050632911,2306.0,13.0,3.888630887879141,0.974843723919717,0.4382165071950142,0.0330830992041846
0.0784313725490196,0.171945701357466,0.0165912518853695,0.0196078431372549,0.0211161387631975,0.1282051282051282,0.0,0.2594268476621418,0.057315233785822,0.0015082956259426,0.0196078431372549,0.033182503770739,0.1236802413273001,0.004524886877828,0.0060331825037707,0.0588235294117647,0.0,24.77661578384769,57590057900.01859,86862832.428384,-5.460642633228815,20.570438871473357,20.48238159953405,24.545454545454547,17.664938871473353,15.427379310344826,62.74294670846395,9.590909090909092,276.0,0.8144796380090498,4.93815987933635,663.0,0.0,0.0,0.0,0.0,0.0,0.0,0.1435990651778758,0.0669955855621916,0.0669955855621916,0.0669955855621916,0.0669955855621916,0.0,0.0168787327966761,0.0135029862373409,0.0290833549727343,0.5584535499413809,0.5560939460992813,5.501724137931035,4.0,4.552187476417447,26.363636363636363,20.5,20.616730749002365,2.193103448275862,1.0,1.492725125280365,580.0,243.0,0.4189655172413793,3274.0,22.0,3.156679935089889,1.1299752935097098,0.4261153266207695,0.054946205305214
0.0572687224669603,0.145374449339207,0.0088105726872246,0.026431718061674,0.0220264317180616,0.1938325991189427,0.0,0.211453744493392,0.0,0.0,0.0572687224669603,0.0704845814977973,0.1145374449339207,0.0044052863436123,0.0,0.0881057268722467,0.0,7.533243880952787,1869.1590091299472,8.23418065696012,15.129022388059724,16.14253233830846,17.353723509956247,20.378308457711444,12.404328358208955,12.419900497512437,51.9407960199005,6.4,109.0,0.8854625550660793,4.58590308370044,227.0,0.0,0.0,0.0,0.0,0.0,0.0,0.0904684975767366,0.0,0.0,0.0,0.0,0.0,0.0735056542810985,0.0266558966074313,0.0,0.3816647364033593,0.4868928957730531,5.049751243781095,4.0,3.225753402346064,20.1,22.0,8.336066218546971,2.0248756218905477,2.0,1.2194028835828974,201.0,100.0,0.4975124378109453,1041.0,10.0,2.9307318671111777,1.0063815808953387,0.416047523676834,0.0668429588543388
0.04,0.1866666666666666,0.0177777777777777,0.0044444444444444,0.0266666666666666,0.1733333333333333,0.0,0.2977777777777777,0.0044444444444444,0.0,0.0044444444444444,0.0133333333333333,0.1111111111111111,0.0222222222222222,0.0,0.0977777777777777,0.0,9.586316739901337,14564.127153101002,64.72945401378223,-0.6709999999999638,20.450857142857146,21.828451593036583,26.42857142857143,17.135764285714288,13.475399999999995,64.57142857142857,10.285714285714286,108.0,0.8844444444444445,4.693333333333333,225.0,0.0,0.0,0.0,0.0,0.0,0.0,0.5567010309278351,0.5416336241078509,0.4551942902458366,0.3869944488501189,0.3869944488501189,0.3869944488501189,0.0713719270420301,0.0515463917525773,0.0761300555114988,0.6407829523086548,0.7076919555664063,5.155,5.0,3.093699242007859,28.571428571428573,24.0,15.050933932646773,2.11,2.0,1.1907560623402258,200.0,68.0,0.34,1056.0,7.0,3.183915886157265,0.5328232563502097,0.3761764754129286,0.0397896379456486
0.102880658436214,0.1646090534979424,0.0493827160493827,0.0534979423868312,0.037037037037037,0.1563786008230452,0.0,0.242798353909465,0.0,0.0,0.0493827160493827,0.0041152263374485,0.0411522633744856,0.0164609053497942,0.0,0.0823045267489712,0.0,7.098174650978237,1209.7568294267696,4.978423166365307,-13.941416309012851,23.47297363580626,24.285001304364226,29.79497240956469,21.875904353157573,16.59708154506438,76.63335377069282,14.428571428571429,129.0,0.9588477366255144,5.469135802469136,243.0,0.0,0.0,0.0,0.0,0.0,0.0,0.1915438821268417,0.1012171684817424,0.0,0.0,0.0,0.0,0.0980140935297886,0.1076233183856502,0.1345291479820627,0.6025695403416952,0.5959667325019836,5.660944206008583,5.0,3.4431088060219524,33.285714285714285,37.0,14.800717026205044,2.2103004291845494,2.0,1.2510858442051973,233.0,105.0,0.4506437768240343,1329.0,7.0,3.1746319487572188,0.5110331602889882,0.4075371199986065,0.049731407599462
